<?xml version="1.0" encoding="utf-8"?>
<feed xmlns="http://www.w3.org/2005/Atom" xmlns:rdf="http://www.w3.org/1999/02/22-rdf-syntax-ns#" xmlns:leap2="http://terms.leapspecs.org/" xmlns:categories="http://wiki.leapspecs.org/2A/categories" xmlns:portfolio="https://moodle.usj.edu.lb/portfolio/export/leap2a/739839/1682840403"><id>https://moodle.usj.edu.lb/portfolio/export/leap2a/739839/1682840403</id><title>Leap2A export from Moodle for Ralph Gerges</title><leap2:version>http://www.leapspecs.org/2010-07/2A/</leap2:version><generator uri="https://moodle.usj.edu.lb" version="2022041902">Moodle</generator><author><name>Ralph Gerges</name><email>ralph.gerges@net.usj.edu.lb</email><uri>https://moodle.usj.edu.lb/user/view.php?id=739839</uri></author><entry><id>portfolio:storedfile5232878</id><title>CIA_country.csv</title><updated>2023-03-28T19:47:10+03:00</updated><published>2023-03-28T19:39:07+03:00</published><content/><rdf:type rdf:resource="leap2:resource"/><link rel="leap2:is_part_of" href="portfolio:assign148705submission_filesgroup"/><link rel="enclosure" href="files/CIA_country.csv" length="31112" type="text/csv"/><category term="offline" scheme="categories:resource_type#"/></entry><entry><id>portfolio:storedfile5232880</id><title>country_iso_codes.csv</title><updated>2023-03-28T19:47:10+03:00</updated><published>2023-03-28T19:39:07+03:00</published><content/><rdf:type rdf:resource="leap2:resource"/><link rel="leap2:is_part_of" href="portfolio:assign148705submission_filesgroup"/><link rel="enclosure" href="files/country_iso_codes.csv" length="8127" type="text/csv"/><category term="offline" scheme="categories:resource_type#"/></entry><entry><id>portfolio:storedfile5232881</id><title>clustering project.ipynb</title><updated>2023-03-28T19:47:10+03:00</updated><published>2023-03-28T19:40:10+03:00</published><content/><rdf:type rdf:resource="leap2:resource"/><link rel="leap2:is_part_of" href="portfolio:assign148705submission_filesgroup"/><link rel="enclosure" href="files/clustering project.ipynb" length="5355513" type="text/html"/><category term="offline" scheme="categories:resource_type#"/></entry><entry><id>portfolio:storedfile5232882</id><title>Call with Ralph and 1 other-20230328_192818-Meeting Recording.mp4</title><updated>2023-03-28T19:47:10+03:00</updated><published>2023-03-28T19:47:07+03:00</published><content/><rdf:type rdf:resource="leap2:resource"/><link rel="leap2:is_part_of" href="portfolio:assign148705submission_filesgroup"/><link rel="enclosure" href="files/Call with Ralph and 1 other-20230328_192818-Meeting Recording.mp4" length="42572183" type="video/mp4"/><category term="offline" scheme="categories:resource_type#"/></entry><entry><id>portfolio:assign148705submission_filesgroup</id><title>1. Assignment: ML Project - Iteration 2 - Clustering</title><content/><rdf:type rdf:resource="leap2:selection"/><link rel="leap2:has_part" href="portfolio:storedfile5232878"/><link rel="leap2:has_part" href="portfolio:storedfile5232880"/><link rel="leap2:has_part" href="portfolio:storedfile5232881"/><link rel="leap2:has_part" href="portfolio:storedfile5232882"/><category term="Folder" scheme="categories:selection_type#"/></entry></feed>
